regime,noun_share,verb_share,adj_share,adv_share,modal_share
Authoritarian,0.369689,0.133986,0.090325,0.028893,0.011738
Democratic,0.239917,0.209111,0.060667,0.056715,0.012416
